1,2,3,4,5,6,Kraj,Laczna dlugosc trasy [km],Srednie koszty wycieczki [zl],W gore [m],W dol [m],Opinie,Drogi asfaltowe [%]
Bugibba,Golden.Bay,Cirkewwa,Mgarr,Ramla.Bay,Azure.Window,Malta,37,927,12,-21,"6,83","2,5"
Golden.Bay,Dingli.Cliffs,Blue.Lagoon,Mdina,Valletta,Marsaxlokk,Malta,58,1431,395,-372,8,"5,33"
Cirkewwa,Golden.Bay,Dingli.Cliffs,Mdina,Valletta,Bugibba,Malta,54,1365,239,-218,8,"6,67"
Marsaxlokk,Valletta,Blue.Lagoon,Dingli.Cliffs,Mdina,Bugibba,Malta,52,1309,246,-254,"7,33","7,33"
Mgarr,Cirkewwa,Golden.Bay,Bugibba,Valletta,Marsaxlokk,Malta,43,1244,55,-26,"6,83","6,5"
Golden.Bay,Bugibba,Mdina,Valletta,Marsaxlokk,Blue.Lagoon,Malta,51,1495,175,-162,"7,67","7,33"
Marsaxlokk,Blue.Lagoon,Mdina,Dingli.Cliffs,Golden.Bay,Bugibba,Malta,44,1177,235,-243,"7,33","4,33"
Bugibba,Valletta,Blue.Lagoon,Mdina,Golden.Bay,Dingli.Cliffs,Malta,55,1390,429,-211,"8,17","6,33"
Mgarr,Cirkewwa,Bugibba,Mdina,Marsaxlokk,Blue.Lagoon,Malta,43,956,181,-162,6,"4,83"
Dingli.Cliffs,Golden.Bay,Bugibba,Cirkewwa,Mgarr,Ramla.Bay,Malta,34,932,22,-254,7,"2,5"
Golden.Bay,Bugibba,Valletta,Mdina,Blue.Lagoon,Marsaxlokk,Malta,57,1495,185,-162,"7,67","7,33"
Marsaxlokk,Blue.Lagoon,Valletta,Bugibba,Mdina,Golden.Bay,Malta,54,1495,196,-219,"7,67","7,33"
Dingli.Cliffs,Golden.Bay,Mdina,Bugibba,Valletta,Marsaxlokk,Malta,51,1484,209,-419,8,"7,33"
Marsaxlokk,Valletta,Blue.Lagoon,Dingli.Cliffs,Golden.Bay,Bugibba,Malta,56,1290,261,-269,"7,5",6
Mgarr,Cirkewwa,Bugibba,Valletta,Mdina,Blue.Lagoon,Malta,47,1169,181,-162,"6,83","6,83"
Rabat,Xlendi,Mgarr,Cirkewwa,Bugibba,Mdina,Malta,28,994,181,-95,7,6
Blue.Lagoon,Mdina,Bugibba,Cirkewwa,Mgarr,Rabat,Malta,34,944,257,-181,"6,5","4,67"
Blue.Lagoon,Marsaxlokk,Mdina,Golden.Bay,Bugibba,Valletta,Malta,53,1495,211,-175,"7,67","7,33"
Golden.Bay,Mdina,Bugibba,Valletta,Blue.Lagoon,Dingli.Cliffs,Malta,56,1390,429,-196,"8,17","6,33"
Dingli.Cliffs,Blue.Lagoon,Valletta,Marsaxlokk,Mdina,Golden.Bay,Malta,57,1431,188,-421,8,"5,33"
Valletta,Blue.Lagoon,Mdina,Bugibba,Golden.Bay,Cirkewwa,Malta,49,1376,162,-217,"7,67","6,67"
Golden.Bay,Mdina,Marsaxlokk,Valletta,Blue.Lagoon,Dingli.Cliffs,Malta,57,1431,421,-188,8,"5,33"
Bugibba,Mdina,Golden.Bay,Cirkewwa,Mgarr,Xlendi,Malta,30,1087,194,-181,"7,33","5,17"
Valletta,Marsaxlokk,Mdina,Dingli.Cliffs,Golden.Bay,Bugibba,Malta,49,1484,225,-259,8,"7,33"
Mdina,Bugibba,Golden.Bay,Dingli.Cliffs,Blue.Lagoon,Valletta,Malta,54,1390,269,-395,"8,17","6,33"
Marsaxlokk,Valletta,Mdina,Bugibba,Cirkewwa,Mgarr,Malta,41,1263,152,-181,"6,67","7,83"
Dingli.Cliffs,Mdina,Golden.Bay,Bugibba,Valletta,Blue.Lagoon,Malta,46,1390,49,-269,"8,17","6,33"
Dingli.Cliffs,Blue.Lagoon,Valletta,Marsaxlokk,Mdina,Bugibba,Malta,62,1309,188,-406,"7,33","7,33"
Marsaxlokk,Mdina,Bugibba,Cirkewwa,Golden.Bay,Dingli.Cliffs,Malta,52,1152,391,-181,"7,17","4,67"
Marsaxlokk,Mdina,Valletta,Blue.Lagoon,Dingli.Cliffs,Golden.Bay,Malta,66,1431,372,-395,8,"5,33"
Blue.Lagoon,Valletta,Mdina,Dingli.Cliffs,Golden.Bay,Bugibba,Malta,50,1390,235,-233,"8,17","6,33"
Azure.Window,Rabat,Xlendi,Mgarr,Cirkewwa,Golden.Bay,Malta,26,906,89,-95,"7,33","2,67"
Xlendi,Rabat,Mgarr,Cirkewwa,Golden.Bay,Dingli.Cliffs,Malta,30,911,300,-95,"7,5","2,67"
Blue.Lagoon,Marsaxlokk,Valletta,Bugibba,Golden.Bay,Dingli.Cliffs,Malta,56,1290,269,-49,"7,5",6
Dingli.Cliffs,Blue.Lagoon,Marsaxlokk,Mdina,Golden.Bay,Cirkewwa,Malta,52,1099,162,-401,"7,17","2,67"
Blue.Lagoon,Marsaxlokk,Mdina,Golden.Bay,Bugibba,Cirkewwa,Malta,45,1163,177,-196,"6,83","4,67"
Cirkewwa,Bugibba,Valletta,Mdina,Dingli.Cliffs,Golden.Bay,Malta,53,1365,239,-233,8,"6,67"
Rabat,Azure.Window,Xlendi,Mgarr,Cirkewwa,Golden.Bay,Malta,30,906,28,-117,"7,33","2,67"
Dingli.Cliffs,Golden.Bay,Bugibba,Valletta,Marsaxlokk,Blue.Lagoon,Malta,56,1290,49,-269,"7,5",6
Blue.Lagoon,Dingli.Cliffs,Golden.Bay,Bugibba,Valletta,Mdina,Malta,60,1390,395,-233,"8,17","6,33"
Mgarr,Cirkewwa,Bugibba,Valletta,Blue.Lagoon,Marsaxlokk,Malta,49,1069,65,-36,"6,17","6,5"
Cirkewwa,Golden.Bay,Bugibba,Mdina,Dingli.Cliffs,Blue.Lagoon,Malta,43,1058,239,-220,"7,33","3,67"
Mgarr,Cirkewwa,Golden.Bay,Mdina,Dingli.Cliffs,Blue.Lagoon,Malta,31,973,239,-220,"7,17","1,83"
Bugibba,Cirkewwa,Golden.Bay,Dingli.Cliffs,Blue.Lagoon,Valletta,Malta,55,1171,275,-241,"7,5","5,33"
Rabat,Mgarr,Cirkewwa,Bugibba,Valletta,Blue.Lagoon,Malta,45,1057,55,-131,"6,67","6,33"
Dingli.Cliffs,Blue.Lagoon,Marsaxlokk,Mdina,Golden.Bay,Bugibba,Malta,50,1177,177,-395,"7,33","4,33"
Cirkewwa,Bugibba,Mdina,Marsaxlokk,Blue.Lagoon,Valletta,Malta,57,1295,217,-162,"6,83","7,67"
Mgarr,Cirkewwa,Bugibba,Golden.Bay,Dingli.Cliffs,Blue.Lagoon,Malta,39,832,254,-235,"6,67","2,5"
Valletta,Bugibba,Golden.Bay,Mdina,Blue.Lagoon,Marsaxlokk,Malta,48,1495,185,-211,"7,67","7,33"
Dingli.Cliffs,Golden.Bay,Cirkewwa,Bugibba,Mdina,Marsaxlokk,Malta,52,1152,181,-391,"7,17","4,67"
Dingli.Cliffs,Golden.Bay,Cirkewwa,Bugibba,Valletta,Blue.Lagoon,Malta,58,1171,55,-275,"7,5","5,33"
Rabat,Azure.Window,Ramla.Bay,Mgarr,Cirkewwa,Bugibba,Malta,35,834,21,-95,"6,5","3,33"
Golden.Bay,Cirkewwa,Bugibba,Mdina,Blue.Lagoon,Dingli.Cliffs,Malta,49,1058,401,-168,"7,33","3,67"
Marsaxlokk,Blue.Lagoon,Dingli.Cliffs,Golden.Bay,Bugibba,Cirkewwa,Malta,50,958,235,-264,"6,67","3,33"
Mdina,Golden.Bay,Bugibba,Cirkewwa,Mgarr,Ramla.Bay,Malta,27,1137,22,-196,"7,17","3,83"
Valletta,Blue.Lagoon,Dingli.Cliffs,Golden.Bay,Bugibba,Mdina,Malta,54,1390,395,-269,"8,17","6,33"
Bugibba,Mdina,Blue.Lagoon,Dingli.Cliffs,Golden.Bay,Cirkewwa,Malta,52,1058,380,-401,"7,33","3,67"
Bugibba,Cirkewwa,Mgarr,Xlendi,Rabat,Azure.Window,Malta,25,784,95,-104,"6,67","4,67"
Ramla.Bay,Mgarr,Cirkewwa,Bugibba,Mdina,Marsaxlokk,Malta,40,1056,181,-159,"6,33","4,83"
Dingli.Cliffs,Golden.Bay,Bugibba,Valletta,Mdina,Marsaxlokk,Malta,62,1484,175,-385,8,"7,33"
Valletta,Bugibba,Cirkewwa,Mgarr,Xlendi,Rabat,Malta,35,1107,95,-55,"7,17","7,67"
Dingli.Cliffs,Mdina,Bugibba,Cirkewwa,Mgarr,Xlendi,Malta,30,901,34,-239,7,"5,17"
Rabat,Xlendi,Azure.Window,Ramla.Bay,Mgarr,Cirkewwa,Malta,31,831,0,-95,7,"2,67"
Mdina,Bugibba,Golden.Bay,Dingli.Cliffs,Blue.Lagoon,Marsaxlokk,Malta,51,1177,243,-395,"7,33","4,33"
Azure.Window,Xlendi,Mgarr,Cirkewwa,Golden.Bay,Dingli.Cliffs,Malta,35,813,261,-34,"7,33","1,83"
Cirkewwa,Golden.Bay,Bugibba,Valletta,Blue.Lagoon,Marsaxlokk,Malta,57,1276,65,-36,7,"6,33"
Marsaxlokk,Blue.Lagoon,Dingli.Cliffs,Mdina,Golden.Bay,Bugibba,Malta,40,1177,235,-243,"7,33","4,33"
Rabat,Xlendi,Mgarr,Cirkewwa,Golden.Bay,Mdina,Malta,24,1116,181,-95,"7,67",4
Bugibba,Golden.Bay,Cirkewwa,Mgarr,Xlendi,Azure.Window,Malta,31,877,34,-43,7,"3,83"
Valletta,Blue.Lagoon,Marsaxlokk,Mdina,Bugibba,Golden.Bay,Malta,56,1495,162,-211,"7,67","7,33"
Cirkewwa,Bugibba,Golden.Bay,Mdina,Marsaxlokk,Valletta,Malta,45,1470,222,-167,"7,5","7,67"
Valletta,Mdina,Golden.Bay,Dingli.Cliffs,Blue.Lagoon,Marsaxlokk,Malta,52,1431,369,-395,8,"5,33"
Mdina,Dingli.Cliffs,Blue.Lagoon,Valletta,Bugibba,Cirkewwa,Malta,56,1190,94,-275,"7,33","6,67"
Blue.Lagoon,Mdina,Bugibba,Cirkewwa,Mgarr,Xlendi,Malta,35,912,196,-181,"6,67","5,17"
Dingli.Cliffs,Golden.Bay,Mdina,Blue.Lagoon,Marsaxlokk,Valletta,Malta,47,1431,211,-395,8,"5,33"
Dingli.Cliffs,Mdina,Bugibba,Cirkewwa,Mgarr,Ramla.Bay,Malta,30,951,7,-239,"6,83","3,83"
Blue.Lagoon,Valletta,Bugibba,Mdina,Golden.Bay,Dingli.Cliffs,Malta,54,1390,429,-209,"8,17","6,33"
Xlendi,Mgarr,Cirkewwa,Bugibba,Mdina,Dingli.Cliffs,Malta,30,901,239,-34,7,"5,17"
Cirkewwa,Bugibba,Valletta,Marsaxlokk,Mdina,Golden.Bay,Malta,54,1470,207,-201,"7,5","7,67"
Mgarr,Cirkewwa,Golden.Bay,Mdina,Bugibba,Valletta,Malta,38,1344,215,-160,"7,5","6,83"
Valletta,Bugibba,Cirkewwa,Golden.Bay,Mdina,Marsaxlokk,Malta,52,1470,181,-207,"7,5","7,67"
Blue.Lagoon,Valletta,Bugibba,Golden.Bay,Dingli.Cliffs,Mdina,Malta,53,1390,269,-107,"8,17","6,33"
Rabat,Mgarr,Cirkewwa,Golden.Bay,Mdina,Dingli.Cliffs,Malta,25,1055,239,-95,"7,5","2,67"
Marsaxlokk,Mdina,Golden.Bay,Cirkewwa,Mgarr,Xlendi,Malta,36,1128,186,-181,"7,17","4,17"
Mdina,Golden.Bay,Bugibba,Valletta,Blue.Lagoon,Marsaxlokk,Malta,52,1495,59,-211,"7,67","7,33"
Bugibba,Cirkewwa,Golden.Bay,Mdina,Valletta,Blue.Lagoon,Malta,48,1376,181,-183,"7,67","6,67"
Valletta,Bugibba,Golden.Bay,Mdina,Marsaxlokk,Blue.Lagoon,Malta,53,1495,175,-211,"7,67","7,33"
Mgarr,Cirkewwa,Golden.Bay,Mdina,Valletta,Bugibba,Malta,42,1344,181,-160,"7,5","6,83"
Marsaxlokk,Valletta,Blue.Lagoon,Dingli.Cliffs,Golden.Bay,Mdina,Malta,53,1431,421,-269,8,"5,33"
Mdina,Marsaxlokk,Blue.Lagoon,Valletta,Bugibba,Cirkewwa,Malta,64,1295,36,-217,"6,83","7,67"
Marsaxlokk,Valletta,Bugibba,Mdina,Blue.Lagoon,Dingli.Cliffs,Malta,59,1309,406,-196,"7,33","7,33"
Mdina,Valletta,Blue.Lagoon,Dingli.Cliffs,Golden.Bay,Cirkewwa,Malta,60,1312,220,-401,8,"4,67"
Dingli.Cliffs,Blue.Lagoon,Valletta,Mdina,Bugibba,Golden.Bay,Malta,56,1390,162,-395,"8,17","6,33"
Blue.Lagoon,Valletta,Mdina,Bugibba,Cirkewwa,Golden.Bay,Malta,53,1376,168,-181,"7,67","6,67"
Cirkewwa,Bugibba,Golden.Bay,Dingli.Cliffs,Blue.Lagoon,Valletta,Malta,53,1171,290,-235,"7,5","5,33"
Cirkewwa,Bugibba,Valletta,Blue.Lagoon,Mdina,Golden.Bay,Malta,52,1376,217,-211,"7,67","6,67"
Dingli.Cliffs,Golden.Bay,Mdina,Bugibba,Cirkewwa,Mgarr,Malta,32,1026,175,-414,"7,17","3,83"
Valletta,Mdina,Golden.Bay,Cirkewwa,Mgarr,Xlendi,Malta,34,1341,160,-181,8,"6,17"
Marsaxlokk,Blue.Lagoon,Valletta,Bugibba,Golden.Bay,Mdina,Malta,52,1495,211,-59,"7,67","7,33"
Mgarr,Cirkewwa,Bugibba,Mdina,Blue.Lagoon,Valletta,Malta,41,1169,217,-162,"6,83","6,83"
Taganana,Santiago,Candelaria,Teide,Los.Gigantes,Buenavista,Hiszpania,161,2267,2492,-2429,"8,17","29,33"
Santiago,Puerto.De.La.Cruz,La.Laguna,Candelaria,Teide,Granadilla,Hiszpania,189,2102,3711,-3212,7,"27,17"
Santiago,La.Laguna,Candelaria,Teide,Granadilla,Los.Cristianos,Hiszpania,191,2133,3627,-3746,"6,83","27,5"
Granadilla,Teide,Los.Gigantes,Masca,Puerto.De.La.Cruz,La.Laguna,Hiszpania,177,2073,3654,-2872,"7,67","18,67"
Masca,Los.Gigantes,Los.Cristianos,Granadilla,El.Medano,Candelaria,Hiszpania,143,1961,623,-1208,"7,33",29
Buenavista,Los.Gigantes,Teide,La.Laguna,Candelaria,El.Medano,Hiszpania,177,1717,2316,-2397,"7,17","24,83"
Santiago,Candelaria,Teide,Masca,Los.Gigantes,Buenavista,Hiszpania,153,2304,2392,-2429,"8,5",31
Candelaria,El.Medano,Los.Cristianos,Los.Gigantes,Buenavista,Masca,Hiszpania,157,2022,591,-6,"7,83","33,5"
Los.Cristianos,El.Medano,Candelaria,Teide,Masca,Los.Gigantes,Hiszpania,186,2209,2352,-2316,"8,33","27,67"
Granadilla,Teide,Candelaria,La.Laguna,Puerto.De.La.Cruz,Santiago,Hiszpania,189,2102,3212,-3711,7,"27,17"
Santiago,Puerto.De.La.Cruz,Buenavista,Los.Gigantes,Teide,Granadilla,Hiszpania,182,2440,2363,-1864,8,"31,5"
Puerto.De.La.Cruz,Buenavista,Los.Gigantes,Teide,Granadilla,El.Medano,Hiszpania,153,2050,2363,-2397,"7,67","26,5"
Teide,Los.Cristianos,Los.Gigantes,Masca,Puerto.De.La.Cruz,Santiago,Hiszpania,177,2888,675,-2908,"9,17","34,83"
Puerto.De.La.Cruz,Buenavista,Masca,Teide,Granadilla,Los.Cristianos,Hiszpania,150,2265,2317,-2352,8,"24,83"
Santiago,La.Laguna,Candelaria,Teide,Los.Gigantes,Buenavista,Hiszpania,202,2107,3673,-3710,"7,5","29,83"
Teide,Masca,Buenavista,Puerto.De.La.Cruz,La.Laguna,Candelaria,Hiszpania,158,1901,1365,-3711,"7,67","22,83"
Buenavista,Masca,Los.Gigantes,Los.Cristianos,Teide,Candelaria,Hiszpania,155,2245,2861,-2937,"8,33","26,67"
Puerto.De.La.Cruz,Santiago,La.Laguna,Teide,Los.Gigantes,Buenavista,Hiszpania,168,2396,2363,-2316,8,32
Teide,Los.Gigantes,Buenavista,Masca,Puerto.De.La.Cruz,La.Laguna,Hiszpania,164,2134,1920,-2872,"8,17","23,17"
Candelaria,El.Medano,Los.Cristianos,Teide,Masca,Puerto.De.La.Cruz,Hiszpania,210,2265,2352,-2323,"8,33","29,5"
Candelaria,Teide,Los.Gigantes,Los.Cristianos,Granadilla,El.Medano,Hiszpania,149,2056,2964,-2969,"7,33",26
Taganana,Santiago,Puerto.De.La.Cruz,Buenavista,Los.Gigantes,Teide,Hiszpania,168,2556,2463,-130,"8,67","31,5"
El.Medano,Los.Cristianos,Granadilla,Teide,Candelaria,Santiago,Hiszpania,145,2202,2465,-2347,"7,33","32,5"
Masca,Buenavista,Los.Gigantes,Los.Cristianos,Granadilla,Teide,Hiszpania,134,2209,2352,-591,8,23
Los.Gigantes,Buenavista,Puerto.De.La.Cruz,Masca,Teide,Los.Cristianos,Hiszpania,192,2534,2363,-2399,"8,83","28,83"
Puerto.De.La.Cruz,Buenavista,Masca,Los.Gigantes,Teide,Candelaria,Hiszpania,159,2214,2872,-2901,"8,5","26,33"
Candelaria,Teide,La.Laguna,Puerto.De.La.Cruz,Santiago,Taganana,Hiszpania,149,2218,2430,-2417,"7,67","27,17"
Los.Cristianos,Los.Gigantes,Buenavista,Masca,Teide,Granadilla,Hiszpania,152,2209,2352,-1734,8,23
Buenavista,Masca,Los.Gigantes,Los.Cristianos,El.Medano,Granadilla,Hiszpania,94,1986,1127,-591,"7,5","29,83"
Puerto.De.La.Cruz,Masca,Buenavista,Los.Gigantes,Teide,La.Laguna,Hiszpania,141,2134,2872,-1507,"8,17","23,17"
La.Laguna,Candelaria,Teide,Granadilla,Los.Cristianos,El.Medano,Hiszpania,159,1743,2347,-3746,"6,5","22,5"
Puerto.De.La.Cruz,Buenavista,Masca,Teide,Granadilla,El.Medano,Hiszpania,138,1934,2317,-2351,"7,83","24,17"
Santiago,Puerto.De.La.Cruz,Buenavista,Los.Gigantes,Teide,Los.Cristianos,Hiszpania,187,2796,2363,-2482,"8,67","37,67"
El.Medano,Los.Cristianos,Teide,La.Laguna,Santiago,Puerto.De.La.Cruz,Hiszpania,160,2447,2352,-2318,"7,83","35,17"
La.Laguna,Candelaria,Teide,Los.Gigantes,Buenavista,Masca,Hiszpania,167,1845,2901,-3710,"7,67",21
La.Laguna,Santiago,Candelaria,Teide,Los.Cristianos,Granadilla,Hiszpania,182,2133,2964,-3746,"6,83","27,5"
Los.Cristianos,Teide,Candelaria,Santiago,La.Laguna,Puerto.De.La.Cruz,Hiszpania,193,2458,3746,-3711,"7,67","33,33"
La.Laguna,Teide,Masca,Los.Gigantes,Los.Cristianos,Granadilla,Hiszpania,119,2104,1570,-2352,"7,5",19
Los.Cristianos,Granadilla,El.Medano,Candelaria,La.Laguna,Santiago,Hiszpania,179,1910,2017,-1898,"6,33","34,33"
Puerto.De.La.Cruz,Buenavista,Los.Gigantes,Los.Cristianos,Granadilla,El.Medano,Hiszpania,125,2158,665,-699,"7,33",34
Los.Cristianos,Granadilla,Teide,Candelaria,Santiago,Taganana,Hiszpania,150,2293,2465,-2446,"7,5",27
Santiago,Candelaria,La.Laguna,Puerto.De.La.Cruz,Masca,Teide,Hiszpania,173,2255,3711,-1478,8,"28,83"
Masca,Buenavista,Los.Gigantes,Teide,Candelaria,Santiago,Hiszpania,153,2304,2429,-2901,"8,5",31
Taganana,Santiago,Candelaria,El.Medano,Granadilla,Los.Cristianos,Hiszpania,138,2070,717,-736,7,"33,83"
Granadilla,El.Medano,Candelaria,Teide,Los.Gigantes,Masca,Hiszpania,179,1853,2906,-2933,"7,67","21,5"
Granadilla,Los.Cristianos,Los.Gigantes,Buenavista,Puerto.De.La.Cruz,Santiago,Hiszpania,154,2548,166,-665,"7,67",39
Puerto.De.La.Cruz,Buenavista,Los.Gigantes,Los.Cristianos,Granadilla,Teide,Hiszpania,154,2381,2399,-82,"7,83","27,17"
Buenavista,Los.Gigantes,Teide,La.Laguna,Santiago,Candelaria,Hiszpania,151,2107,2316,-2392,"7,5","29,83"
Granadilla,El.Medano,Los.Cristianos,Teide,Candelaria,La.Laguna,Hiszpania,152,1743,3746,-2964,"6,5","22,5"
Buenavista,Los.Gigantes,Masca,Puerto.De.La.Cruz,Santiago,Taganana,Hiszpania,155,2461,639,-702,"8,67","34,5"
Taganana,Santiago,La.Laguna,Puerto.De.La.Cruz,Masca,Buenavista,Hiszpania,169,2148,1937,-1874,"7,83",31
Granadilla,Los.Cristianos,Teide,Masca,Puerto.De.La.Cruz,La.Laguna,Hiszpania,181,2160,3717,-2935,"7,5","20,83"
Candelaria,Teide,Los.Gigantes,Buenavista,Puerto.De.La.Cruz,Masca,Hiszpania,198,2214,2948,-2363,"8,5","26,33"
Masca,Los.Gigantes,Teide,Los.Cristianos,Granadilla,El.Medano,Hiszpania,134,2173,2934,-3524,8,24
Granadilla,Los.Cristianos,Los.Gigantes,Buenavista,Puerto.De.La.Cruz,Masca,Hiszpania,162,2286,638,-665,"7,83","30,17"
Teide,Los.Cristianos,Los.Gigantes,Masca,Puerto.De.La.Cruz,Buenavista,Hiszpania,175,2534,638,-2908,"8,83","28,83"
Los.Cristianos,Granadilla,Teide,Candelaria,La.Laguna,Puerto.De.La.Cruz,Hiszpania,172,2043,3746,-3711,"6,83","22,83"
Puerto.De.La.Cruz,Santiago,La.Laguna,Teide,Los.Gigantes,Masca,Hiszpania,159,2488,2872,-2316,"8,5","29,17"
La.Laguna,Puerto.De.La.Cruz,Santiago,Candelaria,Teide,Granadilla,Hiszpania,175,2102,2430,-3212,7,"27,17"
Buenavista,Puerto.De.La.Cruz,La.Laguna,Candelaria,Teide,Los.Gigantes,Hiszpania,191,2017,3711,-3757,"7,5","25,17"
La.Laguna,Teide,Los.Cristianos,El.Medano,Candelaria,Santiago,Hiszpania,155,2158,1071,-2352,"7,33",33
Teide,Masca,Los.Gigantes,Buenavista,Puerto.De.La.Cruz,Santiago,Hiszpania,160,2593,130,-2363,9,"33,17"
Los.Gigantes,Masca,Puerto.De.La.Cruz,Santiago,La.Laguna,Teide,Hiszpania,163,2488,2872,-556,"8,5","29,17"
Candelaria,La.Laguna,Puerto.De.La.Cruz,Masca,Los.Gigantes,Buenavista,Hiszpania,160,1922,1996,-1920,"7,5","28,17"
Puerto.De.La.Cruz,Masca,Teide,La.Laguna,Candelaria,Santiago,Hiszpania,150,2255,2430,-2346,8,"28,83"
Candelaria,La.Laguna,Puerto.De.La.Cruz,Masca,Los.Gigantes,Teide,Hiszpania,174,2109,4266,-1920,8,"22,33"
El.Medano,Los.Cristianos,Granadilla,Teide,Los.Gigantes,Masca,Hiszpania,139,2173,2907,-2317,8,24
La.Laguna,Candelaria,Teide,Masca,Los.Gigantes,Buenavista,Hiszpania,167,1845,2392,-3710,"7,67",21
Los.Cristianos,Teide,La.Laguna,Puerto.De.La.Cruz,Buenavista,Los.Gigantes,Hiszpania,148,2337,2399,-2363,"7,83","27,67"
El.Medano,Granadilla,Teide,Los.Gigantes,Buenavista,Masca,Hiszpania,133,1878,2906,-2316,"7,83","22,33"
La.Laguna,Teide,Masca,Los.Gigantes,Buenavista,Puerto.De.La.Cruz,Hiszpania,131,2134,998,-2363,"8,17","23,17"
Masca,Teide,Candelaria,El.Medano,Los.Cristianos,Los.Gigantes,Hiszpania,198,2209,1797,-2352,"8,33","27,67"
Puerto.De.La.Cruz,La.Laguna,Santiago,Candelaria,Teide,Los.Gigantes,Hiszpania,192,2371,3711,-3710,"7,83","31,17"
Puerto.De.La.Cruz,Buenavista,Masca,Teide,Los.Gigantes,Los.Cristianos,Hiszpania,164,2534,2317,-2352,"8,83","28,83"
La.Laguna,Teide,Masca,Los.Gigantes,Los.Cristianos,El.Medano,Hiszpania,117,2129,953,-2352,8,"24,5"
Granadilla,Teide,La.Laguna,Puerto.De.La.Cruz,Santiago,Taganana,Hiszpania,141,2182,1818,-2417,"7,33","23,5"
Puerto.De.La.Cruz,La.Laguna,Teide,Candelaria,Santiago,Taganana,Hiszpania,132,2218,2430,-2446,"7,67","27,17"
Los.Cristianos,Los.Gigantes,Teide,Masca,Buenavista,Puerto.De.La.Cruz,Hiszpania,164,2534,2352,-2317,"8,83","28,83"
Granadilla,El.Medano,Los.Cristianos,Los.Gigantes,Masca,Teide,Hiszpania,117,2173,2352,-618,8,24
El.Medano,Candelaria,Santiago,Puerto.De.La.Cruz,Masca,Buenavista,Hiszpania,184,2137,674,-593,8,"39,67"
Los.Cristianos,Teide,La.Laguna,Puerto.De.La.Cruz,Buenavista,Masca,Hiszpania,136,2221,2908,-2317,8,"25,33"
Los.Gigantes,Masca,Teide,La.Laguna,Puerto.De.La.Cruz,Buenavista,Hiszpania,135,2134,2363,-2317,"8,17","23,17"
Masca,Los.Gigantes,Buenavista,Puerto.De.La.Cruz,La.Laguna,Santiago,Hiszpania,166,2301,1411,-1883,8,35
Buenavista,Masca,Teide,Los.Cristianos,El.Medano,Candelaria,Hiszpania,180,2001,2276,-2352,8,"28,17"
Los.Gigantes,Los.Cristianos,Granadilla,Teide,Candelaria,Santiago,Hiszpania,157,2446,2465,-2382,"7,67",31
Los.Cristianos,Los.Gigantes,Teide,Candelaria,Santiago,Puerto.De.La.Cruz,Hiszpania,178,2771,2465,-2430,"8,5","36,83"
Teide,Granadilla,El.Medano,Candelaria,Santiago,La.Laguna,Hiszpania,182,1802,1399,-2351,"6,67","26,83"
Los.Gigantes,Los.Cristianos,Teide,La.Laguna,Puerto.De.La.Cruz,Masca,Hiszpania,161,2429,2908,-2353,"8,33","24,83"
Taganana,Santiago,Candelaria,El.Medano,Los.Cristianos,Granadilla,Hiszpania,148,2070,718,-119,7,"33,83"
Buenavista,Los.Gigantes,Masca,Teide,La.Laguna,Santiago,Hiszpania,146,2224,2316,-2279,"8,17","27,83"
La.Laguna,Teide,Los.Gigantes,Masca,Buenavista,Puerto.De.La.Cruz,Hiszpania,122,2134,1507,-2872,"8,17","23,17"
Puerto.De.La.Cruz,Masca,Teide,Granadilla,Los.Cristianos,Los.Gigantes,Hiszpania,175,2473,2353,-2352,"8,33","24,33"
El.Medano,Candelaria,Santiago,Puerto.De.La.Cruz,Buenavista,Masca,Hiszpania,174,2137,674,-84,8,"39,67"
Taganana,Santiago,La.Laguna,Candelaria,Teide,Los.Gigantes,Hiszpania,198,2162,3727,-3710,"7,67","25,33"
Granadilla,Teide,La.Laguna,Candelaria,El.Medano,Los.Cristianos,Hiszpania,164,1743,1734,-2352,"6,5","22,5"
Buenavista,Masca,Los.Gigantes,Teide,Candelaria,El.Medano,Hiszpania,186,1914,2825,-2906,"8,17",26
Teide,Candelaria,La.Laguna,Santiago,Puerto.De.La.Cruz,Buenavista,Hiszpania,206,2163,1441,-3711,"7,5","31,67"
Candelaria,Teide,La.Laguna,Puerto.De.La.Cruz,Masca,Los.Gigantes,Hiszpania,152,2109,2902,-2872,8,"22,33"
Masca,Puerto.De.La.Cruz,Santiago,La.Laguna,Teide,Los.Cristianos,Hiszpania,187,2575,2317,-2908,"8,33","31,33"
Granadilla,Los.Cristianos,Teide,Masca,Puerto.De.La.Cruz,Buenavista,Hiszpania,185,2265,2399,-2935,8,"24,83"
Leverkusen,Koln,Akwizgran,Dusseldorf,Essen,Wuppertal,Niemcy,172,1694,219,-63,7,"77,5"
Koln,Leverkusen,Wuppertal,Essen,Bochum,Dortmund,Niemcy,124,1560,181,-151,"6,17","73,5"
Akwizgran,Koln,Leverkusen,Wuppertal,Essen,Duisburg,Niemcy,152,1534,156,-226,"6,83","74,83"
Leverkusen,Akwizgran,Dusseldorf,Essen,Wuppertal,Bochum,Niemcy,186,1600,219,-146,"6,83","74,83"
Leverkusen,Koln,Akwizgran,Dusseldorf,Wuppertal,Essen,Niemcy,174,1694,219,-171,7,"77,5"
Akwizgran,Dusseldorf,Wuppertal,Leverkusen,Koln,Bonn,Niemcy,158,1758,191,-219,"6,67","76,5"
Essen,Duisburg,Dusseldorf,Wuppertal,Leverkusen,Akwizgran,Niemcy,161,1560,226,-220,"7,33","75,67"
Essen,Bochum,Wuppertal,Leverkusen,Akwizgran,Bonn,Niemcy,169,1549,162,-184,"6,17","73,67"
Essen,Duisburg,Dusseldorf,Leverkusen,Koln,Akwizgran,Niemcy,135,1651,70,-64,"7,67",78
Koln,Akwizgran,Leverkusen,Dusseldorf,Wuppertal,Bochum,Niemcy,183,1689,213,-146,"6,67","74,17"
Koln,Leverkusen,Wuppertal,Essen,Dusseldorf,Akwizgran,Niemcy,162,1694,219,-171,7,"77,5"
Akwizgran,Koln,Leverkusen,Wuppertal,Dusseldorf,Essen,Niemcy,169,1694,213,-219,7,"77,5"
Essen,Bochum,Dortmund,Wuppertal,Leverkusen,Koln,Niemcy,131,1560,151,-193,"6,17","73,5"
Duisburg,Essen,Dusseldorf,Akwizgran,Koln,Leverkusen,Niemcy,155,1651,127,-111,"7,67",78
Bonn,Akwizgran,Dusseldorf,Essen,Bochum,Wuppertal,Niemcy,169,1619,193,-63,"7,17","79,5"
Bochum,Essen,Dusseldorf,Leverkusen,Akwizgran,Koln,Niemcy,164,1691,63,-130,"7,17","77,17"
Duisburg,Dusseldorf,Essen,Wuppertal,Bochum,Dortmund,Niemcy,155,1496,172,-120,"7,5","77,5"
Dusseldorf,Akwizgran,Leverkusen,Wuppertal,Bochum,Essen,Niemcy,160,1600,219,-162,"6,83","74,83"
Bonn,Akwizgran,Leverkusen,Wuppertal,Dusseldorf,Essen,Niemcy,196,1669,241,-219,"6,83","77,17"
Essen,Wuppertal,Dusseldorf,Akwizgran,Koln,Bonn,Niemcy,189,1713,191,-213,"7,33","82,17"
Dortmund,Bochum,Wuppertal,Dusseldorf,Leverkusen,Akwizgran,Niemcy,160,1587,183,-165,"6,67",73
Koln,Akwizgran,Leverkusen,Wuppertal,Essen,Bochum,Niemcy,171,1574,229,-162,"6,33",74
Duisburg,Essen,Wuppertal,Leverkusen,Koln,Akwizgran,Niemcy,152,1534,226,-156,"6,83","74,83"
Bonn,Koln,Leverkusen,Wuppertal,Essen,Bochum,Niemcy,136,1637,181,-134,6,"74,33"
Leverkusen,Akwizgran,Dusseldorf,Wuppertal,Essen,Duisburg,Niemcy,176,1560,219,-235,"7,33","75,67"
Bochum,Essen,Duisburg,Dusseldorf,Leverkusen,Wuppertal,Niemcy,124,1554,172,-89,7,"73,67"
Bonn,Akwizgran,Leverkusen,Dusseldorf,Wuppertal,Dortmund,Niemcy,198,1656,193,-183,"6,67","75,33"
Koln,Akwizgran,Dusseldorf,Wuppertal,Dortmund,Bochum,Niemcy,184,1631,250,-183,"7,17",78
Akwizgran,Leverkusen,Wuppertal,Essen,Dusseldorf,Duisburg,Niemcy,176,1560,156,-226,"7,33","75,67"
Dortmund,Bochum,Wuppertal,Dusseldorf,Leverkusen,Koln,Niemcy,136,1675,135,-165,"6,5","73,67"
Essen,Bochum,Wuppertal,Leverkusen,Akwizgran,Koln,Niemcy,166,1574,162,-204,"6,33",74
Dortmund,Wuppertal,Dusseldorf,Leverkusen,Koln,Bonn,Niemcy,160,1744,155,-165,"6,5",76
Dusseldorf,Wuppertal,Leverkusen,Akwizgran,Bonn,Koln,Niemcy,191,1758,219,-204,"6,67","76,5"
Duisburg,Dusseldorf,Leverkusen,Akwizgran,Bonn,Koln,Niemcy,173,1715,70,-48,"7,33",77
Akwizgran,Dusseldorf,Duisburg,Essen,Wuppertal,Bochum,Niemcy,156,1510,172,-153,"7,67",78
Duisburg,Essen,Dusseldorf,Akwizgran,Leverkusen,Koln,Niemcy,153,1651,133,-111,"7,67",78
Duisburg,Essen,Dusseldorf,Leverkusen,Koln,Bonn,Niemcy,134,1714,99,-57,"7,33","78,33"
Bochum,Essen,Dusseldorf,Leverkusen,Akwizgran,Bonn,Niemcy,167,1666,63,-110,7,"76,83"
Akwizgran,Leverkusen,Dusseldorf,Duisburg,Essen,Wuppertal,Niemcy,154,1560,172,-70,"7,33","75,67"
Dortmund,Wuppertal,Dusseldorf,Duisburg,Essen,Bochum,Niemcy,148,1496,209,-172,"7,5","77,5"
Bonn,Akwizgran,Leverkusen,Wuppertal,Essen,Bochum,Niemcy,174,1549,209,-162,"6,17","73,67"
Akwizgran,Koln,Leverkusen,Wuppertal,Bochum,Dortmund,Niemcy,146,1561,156,-174,"6,17","72,17"
Leverkusen,Dusseldorf,Essen,Bochum,Dortmund,Wuppertal,Niemcy,145,1586,202,-46,"6,67","74,33"
Essen,Bochum,Dortmund,Wuppertal,Dusseldorf,Duisburg,Niemcy,147,1496,145,-209,"7,5","77,5"
Akwizgran,Leverkusen,Dusseldorf,Wuppertal,Bochum,Essen,Niemcy,156,1600,165,-171,"6,83","74,83"
Koln,Leverkusen,Akwizgran,Dusseldorf,Wuppertal,Essen,Niemcy,172,1694,219,-177,7,"77,5"
Koln,Akwizgran,Dusseldorf,Essen,Wuppertal,Dortmund,Niemcy,200,1636,213,-183,"7,5","81,33"
Leverkusen,Koln,Bonn,Akwizgran,Dusseldorf,Essen,Niemcy,169,1760,111,-63,"7,17","79,5"
Bochum,Essen,Dusseldorf,Wuppertal,Leverkusen,Koln,Niemcy,142,1688,171,-238,"6,67","75,5"
Wuppertal,Leverkusen,Koln,Akwizgran,Dusseldorf,Essen,Niemcy,167,1694,111,-219,7,"77,5"
Akwizgran,Koln,Leverkusen,Dusseldorf,Essen,Duisburg,Niemcy,145,1651,57,-127,"7,67",78
Leverkusen,Akwizgran,Dusseldorf,Duisburg,Essen,Wuppertal,Niemcy,164,1560,226,-70,"7,33","75,67"
Leverkusen,Akwizgran,Dusseldorf,Duisburg,Essen,Bochum,Niemcy,142,1557,143,-70,"7,5","75,33"
Essen,Duisburg,Dusseldorf,Akwizgran,Bonn,Koln,Niemcy,163,1670,70,-112,8,"82,67"
Essen,Dusseldorf,Wuppertal,Leverkusen,Akwizgran,Koln,Niemcy,193,1694,219,-261,7,"77,5"
Koln,Leverkusen,Wuppertal,Essen,Dusseldorf,Duisburg,Niemcy,152,1648,156,-178,"7,17","76,33"
Essen,Wuppertal,Dusseldorf,Leverkusen,Koln,Bonn,Niemcy,153,1757,143,-165,"6,67","77,83"
Akwizgran,Dusseldorf,Leverkusen,Wuppertal,Essen,Duisburg,Niemcy,156,1560,165,-235,"7,33","75,67"
Akwizgran,Dusseldorf,Duisburg,Essen,Wuppertal,Leverkusen,Niemcy,156,1560,172,-226,"7,33","75,67"
Duisburg,Essen,Bochum,Dortmund,Wuppertal,Leverkusen,Niemcy,135,1426,209,-193,"6,5","71,67"
Duisburg,Essen,Bochum,Wuppertal,Dusseldorf,Leverkusen,Niemcy,136,1554,181,-165,7,"73,67"
Akwizgran,Koln,Leverkusen,Wuppertal,Essen,Dusseldorf,Niemcy,168,1694,156,-219,7,"77,5"
Bonn,Akwizgran,Leverkusen,Wuppertal,Bochum,Essen,Niemcy,169,1549,184,-162,"6,17","73,67"
Koln,Leverkusen,Dusseldorf,Duisburg,Essen,Bochum,Niemcy,108,1645,89,-22,"7,33",76
Dortmund,Wuppertal,Dusseldorf,Akwizgran,Koln,Leverkusen,Niemcy,181,1681,183,-219,"6,83","75,67"
Wuppertal,Dortmund,Bochum,Essen,Dusseldorf,Duisburg,Niemcy,145,1496,37,-209,"7,5","77,5"
Essen,Dusseldorf,Leverkusen,Wuppertal,Bochum,Dortmund,Niemcy,150,1586,165,-177,"6,67","74,33"
Bonn,Koln,Leverkusen,Dusseldorf,Duisburg,Essen,Niemcy,124,1714,64,-42,"7,33","78,33"
Bonn,Koln,Akwizgran,Leverkusen,Dusseldorf,Duisburg,Niemcy,170,1715,48,-90,"7,33",77
Duisburg,Essen,Wuppertal,Dusseldorf,Leverkusen,Akwizgran,Niemcy,166,1560,235,-165,"7,33","75,67"
Bonn,Koln,Leverkusen,Akwizgran,Dusseldorf,Wuppertal,Niemcy,166,1758,219,-89,"6,67","76,5"
Bonn,Koln,Leverkusen,Dusseldorf,Wuppertal,Essen,Niemcy,153,1757,165,-143,"6,67","77,83"
Bochum,Wuppertal,Leverkusen,Akwizgran,Dusseldorf,Essen,Niemcy,181,1600,194,-219,"6,83","74,83"
Bonn,Akwizgran,Dusseldorf,Wuppertal,Bochum,Essen,Niemcy,171,1619,193,-171,"7,17","79,5"
Dortmund,Bochum,Essen,Wuppertal,Dusseldorf,Leverkusen,Niemcy,140,1586,154,-190,"6,67","74,33"
Essen,Wuppertal,Leverkusen,Koln,Bonn,Akwizgran,Niemcy,166,1643,162,-156,"6,33","76,33"
Bochum,Essen,Wuppertal,Leverkusen,Dusseldorf,Duisburg,Niemcy,141,1554,108,-197,7,"73,67"
Bochum,Essen,Wuppertal,Leverkusen,Koln,Bonn,Niemcy,136,1637,134,-181,6,"74,33"
Dortmund,Wuppertal,Leverkusen,Koln,Akwizgran,Bonn,Niemcy,184,1630,174,-184,"6,17","74,5"
Bochum,Wuppertal,Essen,Dusseldorf,Leverkusen,Akwizgran,Niemcy,176,1600,146,-165,"6,83","74,83"
Dortmund,Bochum,Wuppertal,Leverkusen,Koln,Akwizgran,Niemcy,146,1561,174,-156,"6,17","72,17"
Dusseldorf,Wuppertal,Leverkusen,Akwizgran,Koln,Bonn,Niemcy,188,1758,239,-204,"6,67","76,5"
Koln,Akwizgran,Dusseldorf,Wuppertal,Bochum,Dortmund,Niemcy,172,1631,213,-183,"7,17",78
Leverkusen,Wuppertal,Dusseldorf,Duisburg,Essen,Bochum,Niemcy,136,1554,245,-172,7,"73,67"
Wuppertal,Leverkusen,Dusseldorf,Akwizgran,Bonn,Koln,Niemcy,175,1758,63,-213,"6,67","76,5"
Koln,Bonn,Akwizgran,Leverkusen,Wuppertal,Dusseldorf,Niemcy,191,1758,204,-219,"6,67","76,5"
Essen,Duisburg,Dusseldorf,Akwizgran,Leverkusen,Koln,Niemcy,143,1651,76,-118,"7,67",78
Essen,Dusseldorf,Leverkusen,Akwizgran,Koln,Bonn,Niemcy,180,1760,83,-105,"7,17","79,5"
Bonn,Akwizgran,Dusseldorf,Leverkusen,Wuppertal,Bochum,Niemcy,176,1664,193,-146,"6,5","73,83"
Bonn,Akwizgran,Leverkusen,Dusseldorf,Essen,Wuppertal,Niemcy,189,1669,193,-63,"6,83","77,17"
Koln,Bonn,Akwizgran,Leverkusen,Dusseldorf,Wuppertal,Niemcy,185,1758,213,-63,"6,67","76,5"
Akwizgran,Koln,Leverkusen,Dusseldorf,Essen,Wuppertal,Niemcy,162,1694,165,-63,7,"77,5"
Bonn,Akwizgran,Koln,Leverkusen,Wuppertal,Dusseldorf,Niemcy,178,1758,184,-219,"6,67","76,5"
Bochum,Wuppertal,Essen,Duisburg,Dusseldorf,Akwizgran,Niemcy,156,1510,153,-172,"7,67",78
Wuppertal,Essen,Dusseldorf,Akwizgran,Leverkusen,Koln,Niemcy,170,1694,69,-219,7,"77,5"
Bochum,Dortmund,Wuppertal,Essen,Duisburg,Dusseldorf,Niemcy,151,1496,127,-209,"7,5","77,5"
Koln,Akwizgran,Leverkusen,Dusseldorf,Wuppertal,Dortmund,Niemcy,195,1681,213,-183,"6,83","75,67"
Bochum,Essen,Wuppertal,Leverkusen,Akwizgran,Koln,Niemcy,171,1574,162,-229,"6,33",74
Akwizgran,Leverkusen,Dusseldorf,Essen,Bochum,Wuppertal,Niemcy,154,1600,165,-63,"6,83","74,83"
Koln,Akwizgran,Leverkusen,Dusseldorf,Essen,Bochum,Niemcy,164,1691,130,-63,"7,17","77,17"
Lagern...,Aarau,Lucerna,Berno,Beichle...,Dagmersellen,Szwajcaria,214,2434,1066,-1542,"5,67","27,33"
Bazylea,Vogelberg...,Dagmersellen,Berno,Lucerna,Aarau,Szwajcaria,218,2805,937,-814,"5,83","39,33"
Solura,Vogelberg...,Aarau,Lucerna,Berno,Dagmersellen,Szwajcaria,219,2599,848,-814,5,"32,5"
Bazylea,Solura,Aarau,Lucerna,Dagmersellen,Vogelberg...,Szwajcaria,200,2794,935,-59,"5,33","33,33"
Pilatus...,Lucerna,Zurych,Lagern...,Aarau,Solura,Szwajcaria,145,2657,605,-1781,"6,17","33,67"
Lagern...,Aarau,Dagmersellen,Lucerna,Berno,Solura,Szwajcaria,191,2561,186,-696,5,"32,5"
Bazylea,Solura,Aarau,Dagmersellen,Lucerna,Berno,Szwajcaria,244,2913,368,-91,"5,17","44,5"
Pilatus...,Beichle...,Berno,Dagmersellen,Vogelberg...,Aarau,Szwajcaria,191,2281,660,-1895,6,"17,67"
Pilatus...,Beichle...,Dagmersellen,Berno,Lucerna,Zurych,Szwajcaria,239,2749,61,-1273,"6,67","37,17"
Berno,Beichle...,Pilatus...,Lucerna,Aarau,Zurych,Szwajcaria,163,2687,1104,-1235,"6,67","39,67"
Lagern...,Bazylea,Solura,Aarau,Dagmersellen,Lucerna,Szwajcaria,228,2756,275,-783,"5,33","33,33"
Bazylea,Aarau,Solura,Berno,Dagmersellen,Vogelberg...,Szwajcaria,215,2671,937,-61,"5,67","34,83"
Lagern...,Aarau,Dagmersellen,Berno,Lucerna,Zurych,Szwajcaria,212,2738,154,-700,6,"41,67"
Beichle...,Dagmersellen,Vogelberg...,Solura,Berno,Lucerna,Szwajcaria,206,2521,755,-1760,"5,83",28
Zurych,Lucerna,Dagmersellen,Vogelberg...,Bazylea,Solura,Szwajcaria,187,3020,912,-876,"6,5","43,17"
Solura,Berno,Dagmersellen,Aarau,Zurych,Lagern...,Szwajcaria,190,2604,664,-154,"5,83","37,17"
Solura,Bazylea,Aarau,Zurych,Lucerna,Pilatus...,Szwajcaria,203,3009,1358,-182,"6,33","45,67"
Lucerna,Zurych,Lagern...,Aarau,Solura,Bazylea,Szwajcaria,190,2920,605,-789,"6,5","45,67"
Lagern...,Zurych,Aarau,Lucerna,Dagmersellen,Solura,Szwajcaria,177,2727,93,-603,"5,5","35,67"
Pilatus...,Lucerna,Berno,Solura,Aarau,Vogelberg...,Szwajcaria,211,2529,846,-1328,"5,67","30,5"
Pilatus...,Dagmersellen,Solura,Berno,Lucerna,Aarau,Szwajcaria,227,2650,95,-1330,"4,83","32,5"
Vogelberg...,Dagmersellen,Berno,Lucerna,Aarau,Solura,Szwajcaria,237,2599,120,-814,5,"32,5"
Solura,Aarau,Bazylea,Vogelberg...,Dagmersellen,Lucerna,Szwajcaria,183,2794,876,-874,"5,33","33,33"
Zurych,Lucerna,Pilatus...,Beichle...,Berno,Solura,Szwajcaria,165,2736,1212,-1176,"6,83","40,33"
Solura,Dagmersellen,Lucerna,Pilatus...,Beichle...,Berno,Szwajcaria,166,2572,1208,-1113,"5,67",28
Berno,Dagmersellen,Lucerna,Aarau,Zurych,Lagern...,Szwajcaria,191,2738,569,-154,6,"41,67"
Bazylea,Solura,Aarau,Lucerna,Berno,Beichle...,Szwajcaria,262,2773,1248,-59,6,"42,5"
Vogelberg...,Bazylea,Aarau,Zurych,Lucerna,Dagmersellen,Szwajcaria,188,2971,216,-876,"6,33","42,5"
Bazylea,Aarau,Solura,Vogelberg...,Dagmersellen,Beichle...,Szwajcaria,186,2533,1849,-660,"5,83","23,67"
Bazylea,Solura,Berno,Lucerna,Dagmersellen,Aarau,Szwajcaria,235,2913,309,-186,"5,17","44,5"
Pilatus...,Lucerna,Berno,Solura,Bazylea,Lagern...,Szwajcaria,251,2746,785,-1451,"6,67",38
Solura,Vogelberg...,Dagmersellen,Aarau,Lucerna,Zurych,Szwajcaria,143,2765,755,-791,"5,5","35,67"
Lagern...,Zurych,Lucerna,Aarau,Dagmersellen,Berno,Szwajcaria,178,2738,192,-607,6,"41,67"
Zurych,Lagern...,Aarau,Lucerna,Berno,Beichle...,Szwajcaria,199,2598,1612,-569,"6,83","39,67"
Lagern...,Aarau,Bazylea,Solura,Berno,Dagmersellen,Szwajcaria,219,2633,277,-753,"5,67","34,83"
Beichle...,Berno,Lucerna,Zurych,Lagern...,Aarau,Szwajcaria,205,2598,546,-1612,"6,83","39,67"
Solura,Aarau,Zurych,Lucerna,Pilatus...,Beichle...,Szwajcaria,169,2676,1235,-228,"6,17","33,67"
Bazylea,Solura,Aarau,Zurych,Lucerna,Dagmersellen,Szwajcaria,221,3079,275,-59,"5,67","47,67"
Beichle...,Berno,Dagmersellen,Solura,Aarau,Lagern...,Szwajcaria,209,2300,569,-1066,"5,5","22,83"
Lucerna,Zurych,Aarau,Lagern...,Bazylea,Vogelberg...,Szwajcaria,184,2812,1445,-753,"7,17","40,5"
Pilatus...,Dagmersellen,Lucerna,Zurych,Lagern...,Aarau,Szwajcaria,156,2670,546,-1781,6,"30,5"
Aarau,Solura,Berno,Lucerna,Pilatus...,Dagmersellen,Szwajcaria,217,2650,1328,-1235,"4,83","32,5"
Solura,Bazylea,Vogelberg...,Aarau,Dagmersellen,Pilatus...,Szwajcaria,189,2603,2111,-935,"5,67","23,67"
Beichle...,Dagmersellen,Berno,Solura,Aarau,Lagern...,Szwajcaria,201,2300,630,-1127,"5,5","22,83"
Bazylea,Vogelberg...,Aarau,Lucerna,Dagmersellen,Solura,Szwajcaria,169,2794,969,-787,"5,33","33,33"
Dagmersellen,Lucerna,Aarau,Solura,Bazylea,Lagern...,Szwajcaria,233,2756,751,-275,"5,33","33,33"
Dagmersellen,Vogelberg...,Aarau,Lucerna,Berno,Beichle...,Szwajcaria,215,2472,1726,-753,"5,67","27,33"
Bazylea,Aarau,Zurych,Lucerna,Berno,Dagmersellen,Szwajcaria,258,3090,277,-61,"6,17","53,67"
Lucerna,Zurych,Lagern...,Bazylea,Solura,Aarau,Szwajcaria,233,2920,728,-789,"6,5","45,67"
Vogelberg...,Dagmersellen,Berno,Beichle...,Pilatus...,Lucerna,Szwajcaria,173,2464,1142,-1834,"6,33","22,83"
Lagern...,Zurych,Aarau,Dagmersellen,Vogelberg...,Bazylea,Szwajcaria,151,2691,753,-1445,"6,83","32,83"
Aarau,Solura,Berno,Dagmersellen,Lucerna,Zurych,Szwajcaria,212,2884,154,-131,"5,33","46,83"
Beichle...,Berno,Solura,Dagmersellen,Pilatus...,Lucerna,Szwajcaria,183,2572,1176,-2181,"5,67",28
Vogelberg...,Aarau,Dagmersellen,Beichle...,Berno,Lucerna,Szwajcaria,226,2472,1066,-1758,"5,67","27,33"
Beichle...,Pilatus...,Dagmersellen,Lucerna,Zurych,Lagern...,Szwajcaria,166,2592,715,-1212,"6,83",26
Aarau,Solura,Berno,Dagmersellen,Lucerna,Pilatus...,Szwajcaria,191,2650,1328,-93,"4,83","32,5"
Zurych,Lucerna,Pilatus...,Dagmersellen,Aarau,Solura,Szwajcaria,166,2816,1271,-1235,"5,33","35,67"
Bazylea,Solura,Aarau,Lucerna,Dagmersellen,Berno,Szwajcaria,229,2913,336,-59,"5,17","44,5"
Vogelberg...,Solura,Berno,Lucerna,Aarau,Bazylea,Szwajcaria,214,2792,95,-971,6,"42,5"
Aarau,Bazylea,Solura,Vogelberg...,Dagmersellen,Lucerna,Szwajcaria,191,2794,876,-815,"5,33","33,33"
Solura,Berno,Dagmersellen,Vogelberg...,Aarau,Lucerna,Szwajcaria,186,2599,816,-814,5,"32,5"
Bazylea,Vogelberg...,Dagmersellen,Lucerna,Pilatus...,Beichle...,Szwajcaria,132,2659,2050,-861,"6,67","23,67"
Solura,Berno,Lucerna,Pilatus...,Dagmersellen,Vogelberg...,Szwajcaria,197,2591,1929,-1235,"5,67",28
Solura,Dagmersellen,Beichle...,Berno,Lucerna,Pilatus...,Szwajcaria,224,2572,2181,-1005,"5,67",28
Solura,Vogelberg...,Aarau,Lucerna,Dagmersellen,Berno,Szwajcaria,177,2599,848,-753,5,"32,5"
Pilatus...,Lucerna,Dagmersellen,Aarau,Bazylea,Lagern...,Szwajcaria,183,2699,724,-1390,"5,83","28,17"
Beichle...,Dagmersellen,Lucerna,Zurych,Aarau,Lagern...,Szwajcaria,173,2600,569,-1066,"6,17","30,5"
Solura,Berno,Dagmersellen,Vogelberg...,Aarau,Zurych,Szwajcaria,197,2642,778,-814,"5,83","37,17"
Berno,Lucerna,Aarau,Vogelberg...,Dagmersellen,Solura,Szwajcaria,210,2599,753,-848,5,"32,5"
Lucerna,Pilatus...,Beichle...,Dagmersellen,Aarau,Bazylea,Szwajcaria,159,2718,1174,-1358,"5,83","28,17"
Lagern...,Bazylea,Solura,Berno,Lucerna,Pilatus...,Szwajcaria,251,2746,1451,-785,"6,67",38
Vogelberg...,Bazylea,Solura,Dagmersellen,Pilatus...,Beichle...,Szwajcaria,198,2525,1358,-1045,"6,5","19,17"
Pilatus...,Beichle...,Berno,Dagmersellen,Aarau,Vogelberg...,Szwajcaria,190,2281,753,-1235,6,"17,67"
Dagmersellen,Beichle...,Berno,Solura,Aarau,Lucerna,Szwajcaria,206,2580,1034,-1066,5,"32,5"
Pilatus...,Lucerna,Berno,Dagmersellen,Aarau,Bazylea,Szwajcaria,221,2856,93,-1451,"5,67","39,33"
Pilatus...,Dagmersellen,Vogelberg...,Solura,Berno,Beichle...,Szwajcaria,174,2330,1667,-1836,"6,17","18,33"
Solura,Dagmersellen,Vogelberg...,Aarau,Zurych,Lagern...,Szwajcaria,173,2485,1263,-753,6,26
Aarau,Bazylea,Vogelberg...,Dagmersellen,Pilatus...,Lucerna,Szwajcaria,158,2737,2018,-1957,"5,83","28,17"
Dagmersellen,Lucerna,Zurych,Aarau,Solura,Vogelberg...,Szwajcaria,182,2765,753,-93,"5,5","35,67"
Solura,Bazylea,Aarau,Vogelberg...,Dagmersellen,Beichle...,Szwajcaria,212,2533,1849,-842,"5,83","23,67"
Beichle...,Pilatus...,Dagmersellen,Solura,Vogelberg...,Bazylea,Szwajcaria,159,2525,863,-2052,"6,5","19,17"
Pilatus...,Lucerna,Zurych,Lagern...,Bazylea,Solura,Szwajcaria,202,2912,728,-1904,"7,17","41,17"
Berno,Solura,Dagmersellen,Aarau,Lagern...,Bazylea,Szwajcaria,183,2633,603,-880,"5,67","34,83"
Bazylea,Solura,Berno,Dagmersellen,Aarau,Zurych,Szwajcaria,223,2956,300,-154,6,"49,17"
Bazylea,Aarau,Lucerna,Berno,Dagmersellen,Pilatus...,Szwajcaria,250,2856,1419,-61,"5,67","39,33"
Aarau,Bazylea,Solura,Berno,Dagmersellen,Pilatus...,Szwajcaria,242,2722,1419,-184,"5,5","34,83"
Aarau,Zurych,Lucerna,Berno,Beichle...,Dagmersellen,Szwajcaria,245,2757,1066,-973,6,"41,67"
Aarau,Dagmersellen,Pilatus...,Lucerna,Berno,Solura,Szwajcaria,196,2650,1328,-1269,"4,83","32,5"
Lagern...,Aarau,Lucerna,Dagmersellen,Pilatus...,Beichle...,Szwajcaria,149,2366,1235,-738,"5,67","16,17"
Bazylea,Lagern...,Aarau,Vogelberg...,Dagmersellen,Berno,Szwajcaria,194,2525,1506,-1229,"6,33","29,67"
Pilatus...,Lucerna,Zurych,Lagern...,Bazylea,Vogelberg...,Szwajcaria,169,2804,1422,-1904,"7,83",36
Lagern...,Aarau,Lucerna,Pilatus...,Dagmersellen,Solura,Szwajcaria,146,2493,1235,-1745,5,"21,33"
Solura,Vogelberg...,Dagmersellen,Beichle...,Pilatus...,Lucerna,Szwajcaria,135,2453,1836,-1834,"5,83","16,83"
Bazylea,Solura,Dagmersellen,Lucerna,Aarau,Vogelberg...,Szwajcaria,202,2794,969,-93,"5,33","33,33"
Dagmersellen,Vogelberg...,Aarau,Lagern...,Zurych,Lucerna,Szwajcaria,143,2619,1267,-1299,"6,17","30,5"
Solura,Berno,Lucerna,Aarau,Lagern...,Zurych,Szwajcaria,190,2725,664,-700,"6,17","44,83"
Aarau,Zurych,Lucerna,Berno,Solura,Dagmersellen,Szwajcaria,235,2884,188,-95,"5,33","46,83"
Zurych,Lagern...,Aarau,Lucerna,Dagmersellen,Berno,Szwajcaria,166,2738,700,-569,6,"41,67"
Zurych,Aarau,Lucerna,Pilatus...,Beichle...,Dagmersellen,Szwajcaria,159,2689,1235,-1165,6,"30,5"
Aarau,Lagern...,Zurych,Lucerna,Berno,Beichle...,Szwajcaria,205,2598,1612,-546,"6,83","39,67"
Ahus,Horby,Simroshamn,Ystad,Trelleborg,Lund,Szwecja,261,2026,130,-82,"6,33","48,83"
Trelleborg,Ystad,Simroshamn,Ahus,Horby,Lund,Szwecja,244,2026,105,-59,"6,33","48,83"
Ahus,Kristianstad,Sjobo,Trelleborg,Ystad,Simroshamn,Szwecja,256,2065,63,-40,"5,83",48
Kristianstad,Ahus,Simroshamn,Horby,Lund,Trelleborg,Szwecja,214,1699,84,-87,"6,5","51,5"
Falsterbo,Trelleborg,Lund,Landskrona,Horby,Simroshamn,Szwecja,232,1714,128,-105,7,"51,83"
Trelleborg,Ystad,Ahus,Kristianstad,Horby,Sjobo,Szwecja,210,2024,91,-51,"5,67","42,33"
Ahus,Horby,Sjobo,Lund,Trelleborg,Falsterbo,Szwecja,179,1734,90,-90,"6,83","49,83"
Simroshamn,Ahus,Sjobo,Trelleborg,Lund,Horby,Szwecja,258,1602,124,-63,"6,17","52,67"
Horby,Sjobo,Ahus,Simroshamn,Ystad,Trelleborg,Szwecja,243,2057,23,-105,"5,5",46
Sjobo,Trelleborg,Ystad,Ahus,Kristianstad,Horby,Szwecja,251,2024,91,-49,"5,67","42,33"
Horby,Simroshamn,Ystad,Sjobo,Kristianstad,Ahus,Szwecja,235,2142,33,-117,5,"45,5"
Lomma,Lund,Sjobo,Ahus,Ystad,Trelleborg,Szwecja,227,2134,54,-55,7,53
Kristianstad,Sjobo,Horby,Ahus,Ystad,Trelleborg,Szwecja,262,2024,88,-91,"5,67","42,33"
Lund,Lomma,Malmo,Sjobo,Trelleborg,Ystad,Szwecja,188,2164,46,-85,"7,67","57,83"
Malmo,Trelleborg,Sjobo,Ystad,Ahus,Horby,Szwecja,253,2069,124,-45,"6,33","49,5"
Ystad,Sjobo,Horby,Lund,Malmo,Falsterbo,Szwecja,142,2176,75,-84,"6,83","51,5"
Horby,Kristianstad,Ahus,Ystad,Sjobo,Lund,Szwecja,201,1981,48,-84,"5,67","45,83"
Landskrona,Lomma,Lund,Malmo,Sjobo,Ystad,Szwecja,141,2114,82,-77,"7,17","59,17"
Malmo,Lomma,Lund,Trelleborg,Ystad,Simroshamn,Szwecja,171,2294,66,-48,"7,83","60,33"
Ahus,Horby,Lund,Landskrona,Lomma,Malmo,Szwecja,165,1891,86,-81,"7,33",61
Ahus,Horby,Landskrona,Lund,Lomma,Malmo,Szwecja,174,1891,130,-125,"7,33",61
Kristianstad,Horby,Lund,Sjobo,Ystad,Ahus,Szwecja,219,1981,79,-84,"5,67","45,83"
Ystad,Ahus,Horby,Kristianstad,Sjobo,Malmo,Szwecja,285,2154,121,-125,"5,83",49
Lund,Horby,Simroshamn,Ahus,Sjobo,Ystad,Szwecja,241,2014,78,-117,"5,5","49,5"
Malmo,Sjobo,Kristianstad,Ahus,Horby,Lund,Szwecja,222,1699,121,-78,"6,5","55,67"
Simroshamn,Horby,Kristianstad,Sjobo,Malmo,Lomma,Szwecja,237,2075,98,-118,"6,33","57,67"
Malmo,Lund,Landskrona,Horby,Simroshamn,Ahus,Szwecja,236,1694,123,-128,"6,67",60
Ahus,Kristianstad,Sjobo,Trelleborg,Falsterbo,Malmo,Szwecja,208,1915,47,-42,"7,33",55
Kristianstad,Sjobo,Lund,Trelleborg,Malmo,Falsterbo,Szwecja,206,1772,46,-51,"7,83","56,67"
Lomma,Lund,Sjobo,Ahus,Kristianstad,Horby,Szwecja,169,1884,129,-48,"6,33","53,17"
Horby,Landskrona,Lund,Trelleborg,Malmo,Sjobo,Szwecja,226,1464,84,-126,7,"55,67"
Sjobo,Ahus,Kristianstad,Horby,Lund,Malmo,Szwecja,180,1699,84,-121,"6,5","55,67"
Lund,Horby,Simroshamn,Ahus,Ystad,Trelleborg,Szwecja,274,2026,45,-91,"6,33","48,83"
Simroshamn,Ahus,Horby,Lund,Trelleborg,Falsterbo,Szwecja,207,1864,84,-107,7,"52,33"
Malmo,Sjobo,Horby,Kristianstad,Ahus,Simroshamn,Szwecja,192,1860,102,-84,"5,83","55,33"
Kristianstad,Ahus,Horby,Sjobo,Trelleborg,Lund,Szwecja,204,1569,130,-87,"6,33",49
Lomma,Malmo,Sjobo,Kristianstad,Ahus,Horby,Szwecja,198,2057,123,-42,"6,5","56,33"
Sjobo,Trelleborg,Lund,Horby,Simroshamn,Ystad,Szwecja,269,1914,82,-115,6,"47,67"
Sjobo,Lund,Horby,Ahus,Simroshamn,Ystad,Szwecja,233,2014,65,-98,"5,5","49,5"
Trelleborg,Malmo,Lund,Sjobo,Horby,Simroshamn,Szwecja,178,1632,88,-67,"6,83","57,5"
Lund,Sjobo,Kristianstad,Ahus,Horby,Simroshamn,Szwecja,233,1687,84,-109,"5,67","52,17"
Lund,Landskrona,Horby,Ahus,Simroshamn,Ystad,Szwecja,261,1976,103,-142,"5,83","50,17"
Ahus,Sjobo,Lund,Landskrona,Lomma,Malmo,Szwecja,173,1802,50,-45,"7,33","64,17"
Ahus,Kristianstad,Horby,Sjobo,Malmo,Lomma,Szwecja,153,2057,84,-81,"6,5","56,33"
Lomma,Landskrona,Horby,Kristianstad,Sjobo,Ystad,Szwecja,234,2189,118,-112,"5,67",46
Horby,Lund,Sjobo,Kristianstad,Ahus,Ystad,Szwecja,231,1981,9,-84,"5,67","45,83"
Ystad,Simroshamn,Horby,Sjobo,Malmo,Lomma,Szwecja,213,2402,75,-81,"6,17",55
Horby,Ahus,Ystad,Trelleborg,Malmo,Lomma,Szwecja,217,2396,12,-93,"7,17",53
Malmo,Trelleborg,Ystad,Simroshamn,Ahus,Horby,Szwecja,240,2199,105,-26,"6,5",52
Kristianstad,Horby,Sjobo,Ahus,Ystad,Trelleborg,Szwecja,251,2024,88,-91,"5,67","42,33"
Lomma,Malmo,Lund,Trelleborg,Ystad,Sjobo,Szwecja,149,2164,85,-46,"7,67","57,83"
Lomma,Lund,Sjobo,Kristianstad,Horby,Simroshamn,Szwecja,219,1902,124,-104,"6,17","54,5"
Lund,Trelleborg,Sjobo,Horby,Kristianstad,Ahus,Szwecja,198,1569,82,-130,"6,33",49
Sjobo,Ahus,Simroshamn,Ystad,Trelleborg,Lund,Szwecja,259,1937,69,-63,"6,33",52
Kristianstad,Horby,Lund,Landskrona,Lomma,Malmo,Szwecja,159,1876,81,-81,"7,33","58,67"
Simroshamn,Ahus,Horby,Sjobo,Lund,Trelleborg,Szwecja,205,1602,90,-111,"6,17","52,67"
Ystad,Sjobo,Kristianstad,Horby,Lund,Lomma,Szwecja,185,2196,112,-118,"6,17","48,17"
Kristianstad,Ahus,Sjobo,Lund,Landskrona,Horby,Szwecja,214,1519,128,-49,"5,83","50,33"
Trelleborg,Sjobo,Kristianstad,Horby,Lund,Landskrona,Szwecja,247,1419,119,-117,"6,33","48,5"
Lomma,Lund,Malmo,Sjobo,Ystad,Ahus,Szwecja,185,2264,82,-85,"7,17","59,67"
Simroshamn,Ahus,Horby,Lund,Malmo,Trelleborg,Szwecja,192,1744,84,-105,"7,17","58,67"
Lomma,Landskrona,Lund,Malmo,Falsterbo,Trelleborg,Szwecja,142,1964,47,-48,"8,67",62
Trelleborg,Falsterbo,Malmo,Sjobo,Ystad,Ahus,Szwecja,211,2242,42,-44,"7,17","52,33"
Landskrona,Horby,Ahus,Sjobo,Malmo,Lund,Szwecja,247,1564,165,-121,"6,5","57,5"
Ahus,Ystad,Sjobo,Trelleborg,Malmo,Falsterbo,Szwecja,234,2242,45,-45,"7,17","52,33"
Ystad,Sjobo,Trelleborg,Lund,Malmo,Falsterbo,Szwecja,188,2099,79,-88,"7,67",54
Falsterbo,Malmo,Lomma,Lund,Sjobo,Ystad,Szwecja,118,2414,50,-41,"7,67","58,17"
Ahus,Horby,Kristianstad,Sjobo,Lund,Malmo,Szwecja,214,1699,127,-122,"6,5","55,67"
Kristianstad,Horby,Lund,Sjobo,Trelleborg,Ystad,Szwecja,229,1881,86,-82,"6,17",44
Horby,Lund,Malmo,Sjobo,Ahus,Simroshamn,Szwecja,220,1732,60,-121,"6,33","59,33"
Trelleborg,Ystad,Ahus,Sjobo,Malmo,Lomma,Szwecja,245,2307,49,-48,"7,17","56,17"
Ystad,Sjobo,Ahus,Horby,Lund,Trelleborg,Szwecja,217,1896,117,-124,"6,17","46,33"
Ahus,Horby,Sjobo,Ystad,Trelleborg,Falsterbo,Szwecja,176,2189,84,-84,"6,17","43,17"
Malmo,Trelleborg,Ystad,Ahus,Simroshamn,Horby,Szwecja,270,2199,91,-12,"6,5",52
Horby,Landskrona,Lomma,Malmo,Sjobo,Lund,Szwecja,196,1779,45,-81,7,"59,83"
Landskrona,Lomma,Lund,Sjobo,Kristianstad,Ahus,Szwecja,161,1757,45,-49,"6,67",57
Lomma,Malmo,Falsterbo,Trelleborg,Sjobo,Ahus,Szwecja,197,2145,44,-47,"7,83","59,67"
Ahus,Ystad,Simroshamn,Horby,Landskrona,Lomma,Szwecja,295,2334,84,-81,"5,83","50,83"
Landskrona,Horby,Simroshamn,Ahus,Ystad,Sjobo,Szwecja,285,2007,122,-84,5,"47,33"
Falsterbo,Trelleborg,Ystad,Ahus,Horby,Sjobo,Szwecja,223,2189,93,-51,"6,17","43,17"
Malmo,Sjobo,Kristianstad,Ahus,Ystad,Simroshamn,Szwecja,269,2195,60,-42,6,"54,67"
Falsterbo,Malmo,Sjobo,Kristianstad,Ahus,Horby,Szwecja,216,1992,126,-42,"6,5","52,5"
Landskrona,Horby,Ahus,Sjobo,Lund,Lomma,Szwecja,222,1749,128,-129,"6,33",55
Ystad,Trelleborg,Lund,Sjobo,Ahus,Horby,Szwecja,233,1896,130,-55,"6,17","46,33"
Ahus,Horby,Landskrona,Lund,Trelleborg,Sjobo,Szwecja,259,1434,168,-126,"6,33","50,83"
Trelleborg,Lund,Sjobo,Ystad,Simroshamn,Horby,Szwecja,228,1914,121,-39,6,"47,67"
Simroshamn,Ystad,Trelleborg,Sjobo,Ahus,Kristianstad,Szwecja,251,2065,45,-63,"5,83",48
Ystad,Sjobo,Lund,Horby,Ahus,Kristianstad,Szwecja,169,1981,80,-84,"5,67","45,83"
Simroshamn,Ystad,Sjobo,Lund,Malmo,Falsterbo,Szwecja,173,2217,39,-62,7,"57,17"
Lomma,Malmo,Trelleborg,Ystad,Sjobo,Horby,Szwecja,146,2284,84,-3,"6,83","51,83"
Landskrona,Lomma,Lund,Trelleborg,Sjobo,Ystad,Szwecja,179,1984,85,-80,7,"52,5"
Ystad,Trelleborg,Lund,Horby,Kristianstad,Sjobo,Szwecja,234,1881,119,-86,"6,17",44
Lund,Horby,Sjobo,Malmo,Lomma,Landskrona,Szwecja,158,1779,37,-81,7,"59,83"
Ahus,Sjobo,Trelleborg,Malmo,Lund,Landskrona,Szwecja,214,1487,88,-84,"7,33",60
Ystad,Ahus,Kristianstad,Sjobo,Lund,Lomma,Szwecja,205,2219,48,-54,"6,5","52,5"
Trelleborg,Lund,Landskrona,Horby,Ahus,Simroshamn,Szwecja,244,1564,149,-128,"6,5","53,33"
Ystad,Sjobo,Horby,Lund,Trelleborg,Malmo,Szwecja,166,1926,78,-82,"6,83","51,17"
Kristianstad,Ahus,Simroshamn,Horby,Sjobo,Trelleborg,Szwecja,228,1730,84,-87,"5,67","48,67"
Lund,Horby,Landskrona,Lomma,Malmo,Sjobo,Szwecja,198,1779,75,-81,7,"59,83"
Ystad,Ahus,Horby,Sjobo,Lund,Landskrona,Szwecja,220,1846,90,-95,"5,67","47,67"
